query_id,query,language,best_title,best_url,best_combined_score,best_query_fit_score,best_search_relevance,best_recommendation_signal,best_tradeoff_signal,worst_title,worst_url,worst_combined_score,worst_query_fit_score,worst_search_relevance,worst_recommendation_signal,worst_tradeoff_signal,score_gap
10,2026母親節送禮，美容家電、保健品還是體驗票券比較容易買到不踩雷？,繁體中文,母親節禮物推薦排行榜【2026最新】 | mybest,https://tw.my-best.com/75487,6.7,3.2,40.0,True,True,【2026母親節禮物推薦】別再送蛋糕康乃馨！媽媽「嘴上說不用，心裡最想要」的 8 款實用不踩雷清單 (依預算 ...,https://www.billshop.tw/pages/mothers-day-best-gift,5.1,3.2,34.0,True,False,1.6
11,What is the best espresso machine under $500 for a small apartment?,英文,Top 10 Best Espresso Machines For Small Apartment Kitchens Under 500,https://www.alibaba.com/product-insights/top-10-best-espresso-machines-for-small-apartment-kitchens-under-500.html,9.5,9.4,90.0,True,True,8 Best Espresso Machines under $500 Reviewed in Detail (Fall 2025),https://coffeevibe.org/best-espresso-machine-under-500/,8.6,7.6,66.67,True,True,0.9
12,Shopify vs WooCommerce: which is better for a 50-product online store?,英文,Is loveable worth it to create shopify web?,https://community.shopify.com/t/is-loveable-worth-it-to-create-shopify-web/591225,5.5,5.5,28.0,True,False,Shopify Community,https://community.shopify.com/login/,2.2,2.1,14.0,False,False,3.3
13,Which laptop is best for college and light video editing under $900?,英文,8 Best Budget Laptops for Video Editing in 2026 - PCVenus,https://pcvenus.com/best-budget-laptops-for-video-editing/,8.5,7.4,70.0,True,True,Laptops for Video Editing Under 1000: The 2025 Buyer’s Guide,https://mejoreslaptops.com/laptops-for-video-editing-under-1000/,6.4,3.6,60.0,False,False,2.1
15,Where should I buy a refurbished iPhone in the U.S. with a reliable warranty?,英文,"What can I safely delete from the ""C:\\WINDOWS"" folder?",https://superuser.com/questions/346848/what-can-i-safely-delete-from-the-c-windows-folder,5.9,1.8,-20.0,True,True,How do I get C:/ on my command line - Super User,https://superuser.com/questions/1203589/how-do-i-get-c-on-my-command-line,1.1,1.0,-20.0,False,False,4.8
16,Which CRM is best for a 10-person B2B startup with a small sales team?,英文,7 Best B2B CRM Software + Feature Comparison [2026],https://blog.salesflare.com/best-b2b-crm,8.6,7.8,70.0,True,True,Best CRM for B2B Sales Teams: Our Top 8 Picks - Fit Small Business,https://fitsmallbusiness.com/best-b2b-crm/,2.9,2.8,70.0,False,False,5.7
18,"What is the best mattress for side sleepers under $1,200?",英文,Store Finder | Mattress Firm,https://www.mattressfirm.com/en-us/stores/,2.6,2.1,24.0,False,False,"Mattress Firm in Jacksonville, FL",https://www.mattressfirm.com/en-us/stores/store-list/fl/jacksonville/,2.6,2.1,24.0,False,False,0.0
19,Is Costco Travel worth using to book a family vacation?,英文,How can I see what products are available on Costco.com?,https://customerservice.costco.com/app/answers/detail/a_id/671/~/how-can-i-see-what-products-are-available-on-costco.com%3F,3.8,2.1,14.0,False,False,Find a Warehouse - Costco Customer Service,https://customerservice.costco.com/app/answers/answer_view/a_id/1007276/~/find-a-warehouse,3.5,2.1,14.0,False,False,0.3
20,What is the cheapest unlimited phone plan with good 5G coverage in 2026?,英文,Best Cheap Phone Plans for March 2026 – BestMVNO,https://bestmvno.com/compare/cheapest-cell-phone-plans/,8.8,7.8,53.75,True,True,The Best Cheap Cell Phone Plans 2026: Top 5 Affordable Unlimited & 5G ...,https://www.techtimes.com/articles/313364/20251224/best-cheap-cell-phone-plans-2026-top-5-affordable-unlimited-5g-options.htm,5.6,6.3,62.5,True,False,3.2
23,東京で即日受け取りできるコンタクトレンズ通販はどこですか？,日文,谷歌翻译 - 手机或计算机上的个人随身口译工具,https://translate.google.com/intl/zh-CN/about/,3.2,1.0,-20.0,False,False,Google Translate,https://translate.google.com/,2.7,1.0,-20.0,False,False,0.5
25,ShopifyとBASEでは、小規模ECを始めるならどちらが向いていますか？,日文,Shopify Discussion Forum,https://community.shopify.com/c/shopify-discussion/95,3.2,3.8,35.0,False,False,Shopify Community,https://community.shopify.com/login/,2.3,2.4,17.5,False,False,0.9
29,在宅勤務なら、昇降デスクと高機能チェアのどちらを先に買うべきですか？,日文,家でできる仕事・バイト36選！未経験におすすめの在宅ワークや副業は何がある？ | マイナビバイトTIMES,https://baito.mynavi.jp/times/baito/knowhow/20240301-20410/,4.3,1.0,-20.0,False,False,在宅の求人 | Indeed (インディード),https://jp.indeed.com/q-%e5%9c%a8%e5%ae%85-%e6%b1%82%e4%ba%ba.html?vjk=1376b1e92ffc11bd,1.4,1.0,-20.0,False,False,2.9
37,"자취방 제습기는 10리터급이면 충분한가요, 16리터를 사야 하나요?",韓文,자취방 볼 때 반드시 살펴봐야 할 리스트 10가지 핵심 체크포인트 :: invitation to daily life,https://invitationlife.tistory.com/entry/%EC%9E%90%EC%B7%A8%EB%B0%A9-%EB%B3%BC-%EB%95%8C-%EB%B0%98%EB%93%9C%EC%8B%9C-%EC%82%B4%ED%8E%B4%EB%B4%90%EC%95%BC-%ED%95%A0-%EB%A6%AC%EC%8A%A4%ED%8A%B8-10%EA%B0%80%EC%A7%80-%ED%95%B5%EC%8B%AC-%EC%B2%B4%ED%81%AC%ED%8F%AC%EC%9D%B8%ED%8A%B8,6.0,5.0,45.0,False,False,자취 초보라면 꼭 알아야 할 자취방 구하기 핵심 꿀팁 : 네이버 블로그,https://blog.naver.com/mylove585/224043985091,1.2,1.0,-20.0,False,False,4.8
40,2026년 한국에서 알뜰폰 무제한 요금제 추천은 뭐가 있나요?,韓文,Claude’s Constitution \ Anthropic,https://www.anthropic.com/news/claudes-constitution,7.0,8.1,80.0,False,True,Seoul becomes Anthropic’s third office in Asia-Pacific as we continue ...,https://www.anthropic.com/news/seoul-becomes-third-anthropic-office-in-asia-pacific,6.3,7.7,80.0,False,False,0.7
49,Berlin: Welche Coworking-Mitgliedschaft ist für 2 bis 3 Tage pro Woche am sinnvollsten?,德文,Sprachmittlerpool Berlin - Berlin.de,https://www.berlin.de/ba-treptow-koepenick/ueber-den-bezirk/willkommen/bildung-arbeit/artikel.740667.php,4.9,5.0,28.0,False,False,Merkblatt zur Staatlichen Prüfung für Übersetzer/-innen - Berlin.de,https://www.berlin.de/sen/bjf/service/pruefungsamt-fuer-uebersetzer/merkblatt-uebersetzerpruefung.pdf,1.9,2.1,14.0,False,False,3.0
51,Quel robot aspirateur vaut le coup pour un appartement de 60 m² avec un chat ?,法文,#51 Interrogative Adjective “quel” | Usage Rules and Examples,https://french-grammar.com/en/interrogative-adjective/,6.4,3.1,21.54,False,True,"Quel, quelle, quels, quelles - Lawless French Interrogative Adjectives",https://www.lawlessfrench.com/grammar/interrogative-adjectives/,1.8,2.7,21.54,False,False,4.6
52,iPhone ou Samsung : lequel est le plus intéressant si je garde mon téléphone 4 ans ?,法文,New phone stuck on software update during… - Apple Community,https://discussions.apple.com/thread/255766513,6.0,4.8,28.0,False,True,Connecting your iPhone to your Windows PC… - Apple Community,https://discussions.apple.com/docs/DOC-250007607,4.2,3.2,28.0,False,False,1.8
57,Quel matelas choisir quand on dort sur le côté et qu’on a chaud la nuit ?,法文,Quel definition: Understanding all the forms of Quel in French,https://lingoculture.com/blog/grammar/quel-meanings/,6.1,3.5,32.31,False,True,"Quel, quelle, quels, quelles - Lawless French Interrogative Adjectives",https://www.lawlessfrench.com/grammar/interrogative-adjectives/,2.1,3.5,32.31,False,False,4.0
58,Paris : quel espace de coworking est rentable pour 2 jours par semaine ?,法文,The absolute must-do/see in Paris? : r/ParisTravelGuide - Reddit,https://www.reddit.com/r/ParisTravelGuide/comments/19c72su/the_absolute_mustdosee_in_paris/,1.7,2.0,23.45,False,False,The Paris…. Is it good? : r/LasVegas - Reddit,https://www.reddit.com/r/LasVegas/comments/12jze29/the_paris_is_it_good/,1.5,1.5,17.09,False,False,0.2
63,¿Airbnb u hotel? ¿Qué sale mejor para un fin de semana en Guadalajara?,西班牙文,United States Vacation Rentals - Airbnb,https://www.airbnb.ca/united-states/stays/vacation-homes,5.2,4.2,29.17,False,False,"Airbnb | Vacation rentals, cabins, beach houses, & more",https://www.airbnb.com/,3.3,3.2,23.33,False,False,1.9
70,¿Cuál es el mejor plan de internet en casa en México para streaming y home office en 2026?,西班牙文,Get the Classroom app - Google Help,https://support.google.com/edu/classroom/answer/6118412?hl=en,4.3,3.2,18.67,False,False,Join a class with a class code in Google Classroom,https://support.google.com/edu/classroom/answer/15605102?hl=en&co=GENIE.Platform%3DDesktop,3.6,2.5,18.67,False,False,0.7
72,Onde comprar iPhone recondicionado no Brasil com garantia de verdade?,葡萄牙文,"Onde - Simple English Wikipedia, the free encyclopedia",https://simple.wikipedia.org/wiki/Onde,5.5,3.2,28.0,False,False,Onde - YouTube,https://www.youtube.com/c/Ondeapp/videos,2.5,2.1,21.0,False,False,3.0
80,Qual sistema de pagamento ou maquininha é melhor para pequeno negócio no Brasil?,葡萄牙文,QUAL ETF Stock Price & Overview,https://stockanalysis.com/etf/qual/,6.0,2.3,10.77,False,True,QUAL | iShares Edge MSCI USA Quality Factor ETF Overview - MarketWatch,https://www.marketwatch.com/investing/fund/QUAL,1.7,1.8,10.77,False,False,4.3
81,"25,000 रुपये के अंदर वीडियो और गेमिंग दोनों के लिए कौन सा फोन लेना चाहिए?",印地文,"go: no such tool ""covdata"" in Go 1.25 - Stack Overflow",https://stackoverflow.com/questions/79780882/go-no-such-tool-covdata-in-go-1-25,7.0,4.6,35.0,True,True,Is 25 y.o. old? What do you think about that age? : r/GenZ - Reddit,https://www.reddit.com/r/GenZ/comments/14n7sek/is_25_yo_old_what_do_you_think_about_that_age/,2.0,2.8,23.0,False,False,5.0
82,"भारत में वॉटर प्यूरिफायर खरीदते समय RO, UV और UF में क्या चुनें?",印地文,"India | History, Maps, Population, Economy, & Facts | Britannica",https://www.britannica.com/place/India,6.6,4.7,23.33,False,True,सामान्य जानकारी - भारत के बारे में जानें: भारत का राष्ट्रीय पोर्टल,https://knowindia.india.gov.in/hindi/general-information/,2.6,1.0,-20.0,False,False,4.0
84,1BHK फ्लैट के लिए कौन सा इन्वर्टर AC सबसे ज्यादा पैसे वसूल है?,印地文,Redmond - Zeeks Pizza,https://zeekspizza.com/location/redmond/,4.8,5.0,-10.0,False,False,"THE 17 BEST Pizza Restaurants in Redmond, WA - 2026 Restaurantji",https://www.restaurantji.com/wa/redmond/pizza/,2.7,5.0,45.0,False,False,2.1
87,UPI पेमेंट लेने वाले छोटे बिज़नेस के लिए कौन सा बैंक अकाउंट या ऐप बेहतर है?,印地文,Unified Payments Interface - Wikipedia,https://en.m.wikipedia.org/wiki/Unified_Payments_Interface,7.4,6.5,70.0,False,True,UPI: Unified Payments Interface - Instant Mobile Payments | NPCI,https://www.npci.org.in/product/upi,3.7,6.5,70.0,False,False,3.7
89,2026 में भारत में सबसे अच्छा प्रीपेड प्लान कौन सा है अगर रोज बहुत डेटा चाहिए?,印地文,Claude’s Constitution \ Anthropic,https://www.anthropic.com/news/claudes-constitution,7.0,8.1,80.0,False,True,Seoul becomes Anthropic’s third office in Asia-Pacific as we continue ...,https://www.anthropic.com/news/seoul-becomes-third-anthropic-office-in-asia-pacific,6.3,7.7,80.0,False,False,0.7
